lemma	adverbs	cases	comparatives	short adjectives
abhazsky	A	A	B	C
absolutny	A	A	A	A
abstraktny	A	A	A	A
absurdny	A	A	A	A
adekvatny	A	A	A	A
administrativny	A	A	A	A
aerodinamičny	A	A	A	A
aeronavtičny	A	A	A	A
afektivny	A	A	A	A
afgansky	A	A	B	C
afrikansky	A	A	B	C
aglutinativny	A	A	A	A
agrarny	A	A	A	A
agresivny	A	A	A	A
agronomičny	A	A	A	A
akademičsky	A	A	B	C
akrobatsky	A	A	B	C
aksamitny	A	A	A	A
aksiaľny	A	A	A	A
aktivny	A	A	A	A
aktorsky	A	A	B	C
aktuaľny	A	A	A	A
akuratny	A	A	A	A
akustičny	A	A	A	A
akušersky	A	A	B	C
albansky	A	A	B	C
alegoričny	A	A	A	A
alergičny	A	A	A	A
alfabetičny	A	A	A	A
alkohoľny	A	A	A	A
alpijsky	A	A	B	C
alternativny	A	A	A	A
altruističny	A	A	A	A
aluminijevy	A	A	A	B
alveolarny	A	A	A	A
ambiciozny	A	A	A	A
ambivalentny	A	A	A	A
amerikansky	A	A	B	C
amoraľny	A	A	A	A
anahroničny	A	A	A	A
analitičny	A	A	A	A
anaľny	A	A	A	A
analogičny	A	A	A	A
anatomičny	A	A	A	A
anemičny	A	A	A	A
anglijskojęzyčny	A	A	A	A
anglijsky	A	A	B	C
anglosaksonsky	A	A	B	C
anonimny	A	A	A	A
antičny	A	A	A	A
antropologičny	A	A	A	A
apelacijny	A	A	A	A
apokaliptičny	A	A	A	A
aposteriorny	A	A	A	A
apriorny	A	A	A	A
arabsky	A	A	B	C
argentinsky	A	A	B	C
arhaičny	A	A	A	A
arheologičny	A	A	A	A
arhitekturny	A	A	A	A
arhivny	A	A	A	A
aristokratičny	A	A	A	A
arktičny	A	A	A	A
arměnsky	A	A	B	C
arogantny	A	A	A	A
artističny	A	A	A	A
asimetričny	A	A	A	A
astrologičny	A	A	A	A
astronomičny	A	A	A	A
atematičny	A	A	A	A
atlantičny	A	A	A	A
atletičny	A	A	A	A
atonaľny	A	A	A	A
atraktivny	A	A	A	A
autističny	A	A	A	A
avansovy	A	A	A	B
avarijny	A	A	A	A
avstralijsky	A	A	B	C
avstrijsky	A	A	B	C
avstro-vųgȯrsky	A	A	B	C
avtentičny	A	A	A	A
avtobiografičny	A	A	A	A
avtomatičny	A	A	A	A
avtomobiľny	A	A	A	A
avtonomny	A	A	A	A
avtoritarny	A	A	A	A
avtoritativny	A	A	A	A
avtoritetny	A	A	A	A
avtorsky	A	A	B	C
azijatsky	A	A	B	C
azotisty	A	A	A	B
azotny	A	A	A	A
aztečsky	A	A	B	C
azurny	A	A	A	A
babsky	A	A	B	C
bahamsky	A	A	B	C
balističny	A	A	A	A
balkansky	A	A	B	C
baltičsky	A	A	B	C
banaľny	A	A	A	A
baskijsky	A	A	B	C
basnjesloveny	A	A	A	B
basnjevy	A	A	A	B
baškirsky	A	A	B	C
bavarsky	A	A	B	C
bditeljny	A	A	A	A
bědny	A	A	A	A
bedreny	A	A	A	B
běgly	A	A	A	B
bělavy	A	A	A	B
belgijsky	A	A	B	C
bělobrådy	A	A	A	B
bělopery	A	A	A	B
bělorussky	A	A	B	C
bělovlåsy	A	A	A	B
bělozųby	A	A	A	B
běly	A	A	A	B
běsny	A	A	A	A
betonny	A	A	A	A
bezbarvny	A	A	A	A
bezbolěsny	A	A	A	A
bezbožny	A	A	A	A
bezbrådy	A	A	A	B
bezbrånny	A	A	A	A
bezčėstny	A	A	A	A
bezdětny	A	A	A	A
bezdomny	A	A	A	A
bezdȯnny	A	A	A	A
bezdrěvny	A	A	A	A
bezdušny	A	A	A	A
bezdyšny	A	A	A	A
bezglåvy	A	A	A	B
bezhvosty	A	A	A	B
bezhybny	A	A	A	A
bezimenny	A	A	A	A
bezizhodny	A	A	A	A
bezkarny	A	A	A	A
bezkolorny	A	A	A	A
bezkonėčny	A	A	A	A
bezkoristny	A	A	A	A
bezkostny	A	A	A	A
bezkrily	A	A	A	B
bezkrȯvny	A	A	A	A
bezlěsny	A	A	A	A
bezlistny	A	A	A	A
bezljudny	A	A	A	A
bezměrny	A	A	A	A
bezmȯlvny	A	A	A	A
bezmozgy	A	A	F	I
bezmytny	A	A	A	A
beznadějny	A	A	A	A
beznogy	A	A	F	B
bezolovny	A	A	A	A
bezopasny	A	A	A	A
bezpamętny	A	A	A	A
bezpartijny	A	A	A	A
bezpečny	A	A	A	A
bezpery	A	A	A	B
bezplatny	A	A	A	A
bezplodny	A	A	A	A
bezpokojny	A	A	A	A
bezposrědny	A	A	A	A
bezprecedentny	A	A	A	A
bezprěryvny	A	A	A	A
bezpričinny	A	A	A	A
bezprikladny	A	A	A	A
bezpriměrny	A	A	A	A
bezråbotny	A	A	A	A
bezradostny	A	A	A	A
bezrodny	A	A	A	A
bezrogy	A	A	F	B
bezrųky	A	A	E	B
bezsiľny	A	A	A	A
bezsmysľny	A	A	A	A
bezsněžny	A	A	A	A
bezsȯnny	A	A	A	A
bezstrašny	A	A	A	A
bezstydny	A	A	A	A
bezšumny	A	A	A	A
beztęžny	A	A	A	A
bezumny	A	A	A	A
bezusiľny	A	A	A	A
bezuslovny	A	A	A	A
bezuspěšny	A	A	A	A
bezutěšny	A	A	A	A
bezvěstny	A	A	A	A
bezvinny	A	A	A	A
bezvkųsny	A	A	A	A
bezvladny	A	A	A	A
bezvlåsy	A	A	A	B
bezvodny	A	A	A	A
bezvyhodny	A	A	A	A
bezzaščitny	A	A	A	A
beževy	A	A	A	B
bezzųby	A	A	A	B
bezzvųčny	A	A	A	A
biblijsky	A	A	B	C
bibliografičny	A	A	A	A
binarny	A	A	A	A
biografičny	A	A	A	A
biologičny	A	A	A	A
bizantijsky	A	A	B	C
biznesny	A	A	A	A
bjurokratičny	A	A	A	A
blågodarny	A	A	A	A
blågomily	A	A	A	B
blågoprijatny	A	A	A	A
blågorodny	A	A	A	A
blågosklonny	A	A	A	A
blågoslovny	A	A	A	A
blågotvorny	A	A	A	A
blågovoljny	A	A	A	A
blågozvučny	A	A	A	A
blågy	A	A	L	B
blåtny	A	A	A	A
blåženy	A	A	A	B
blědy	A	A	A	B
blěskavy	A	A	A	B
blěsklivy	A	A	A	B
blizky	A	A	D	F
bliznečsky	A	A	B	C
bližny	A	A	A	A
blųdny	A	A	A	A
bobovy	A	A	A	B
bočny	A	A	A	A
bodlivy	A	A	A	B
bodry	A	A	A	B
bogaty	A	A	A	B
bogatyrsky	A	A	B	C
bogohuľny	A	A	A	A
bojazlivy	A	A	A	B
bojazny	A	A	A	A
bojevy	A	A	A	B
bojny	A	A	A	A
bolěsny	A	A	A	A
bolězlivy	A	A	A	B
bolěznjetvorny	A	A	A	A
bolivijsky	A	A	B	C
boljny	A	A	A	A
bordovy	A	A	A	B
bosnijsky	A	A	B	C
bosnjačsky	A	A	B	C
bosonogy	A	A	F	B
bosy	A	A	A	B
botaničny	A	A	A	A
božsky	A	A	B	C
brådaty	A	A	A	B
bratsky	A	A	B	C
braziľsky	A	A	B	C
brěgovy	A	A	A	B
brěmenny	A	A	A	A
brěžny	A	A	A	A
bridky	A	A	D	F
britansky	A	A	B	C
brjuhaty	A	A	A	B
brjušny	A	A	A	A
bronzovy	A	A	A	B
brutaľny	A	A	A	A
brzy	A	A	A	B
bujny	A	A	A	A
bukvaľny	A	A	A	A
bulgarsky	A	A	B	C
buŕlivy	A	A	A	B
buŕny	A	A	A	A
byly	A	A	A	B
bystry	A	A	A	B
caŕsky	A	A	B	C
cělkovity	A	A	A	B
cělodėnny	A	A	A	A
cělodnevny	A	A	A	A
cěly	A	A	A	B
cěnny	A	A	A	A
centraľny	A	A	A	A
cibuljevity	A	A	A	B
cibuljevy	A	A	A	B
cikličny	A	A	A	A
ciničny	A	A	A	A
civilizovany	A	A	A	B
civiľny	A	A	A	A
crkȯvnoslovjansky	A	A	B	C
crkȯvny	A	A	A	A
ćuđezemny	A	A	A	A
cvětny	A	A	A	A
čarovny	A	A	A	A
časovy	A	A	A	B
čečensky	A	A	B	C
čehoslovačsky	A	A	B	C
čeličny	A	A	A	A
čeľny	A	A	A	A
čęstičny	A	A	A	A
čestigodny	A	A	A	A
čestiljubivy	A	A	A	B
čėstny	A	A	A	A
čęsty	A	A	A	B
češsky	A	A	B	C
čilijsky	A	A	B	C
čisľny	A	A	A	A
čisty	A	A	A	B
člověčny	A	A	A	A
člověčsky	A	A	B	C
člověkoljubivy	A	A	A	B
črězměrny	A	A	A	A
črnoględny	A	A	A	A
črnogorsky	A	A	B	C
črny	A	A	A	A
črstvy	A	A	A	B
črveny	A	A	A	B
črvivy	A	A	A	B
čubaty	A	A	A	B
čudesny	A	A	A	A
čudny	A	A	A	A
čudovistny	A	A	A	A
čutlivy	A	A	A	B
čutny	A	A	A	A
čuvašsky	A	A	B	C
čuvstveny	A	A	A	B
daleky	A	A	J	B
daljny	A	A	A	A
dalmatinsky	A	A	B	C
dansky	A	A	B	C
dany	A	A	A	B
darmovy	A	A	A	B
darovity	A	A	A	B
davny	A	A	A	A
debely	A	A	A	B
deduktivny	A	A	A	A
definitivny	A	A	A	A
defisovany	A	A	A	B
degenerativny	A	A	A	A
dekadentsky	A	A	B	C
delikatny	A	A	A	A
deliričny	A	A	A	A
demografičny	A	A	A	A
demokratičny	A	A	A	A
demonstrativny	A	A	A	A
dėnny	A	A	A	A
depresivny	A	A	A	A
deprimovany	A	A	A	B
desnorųky	A	A	E	B
desny	A	A	A	A
despotičny	A	A	A	A
deševy	A	A	A	B
detaljny	A	A	A	A
dětinsky	A	A	B	C
dětsky	A	A	B	C
dežurny	A	A	A	A
diagnostičny	A	A	A	A
diahroničny	A	A	A	A
dialektičny	A	A	A	A
diamantovy	A	A	A	B
diatoničny	A	A	A	A
digitaľny	A	A	A	A
diky	A	A	E	B
dinamičny	A	A	A	A
diplomatičny	A	A	A	A
diravy	A	A	A	B
diskretny	A	A	A	A
diskusijny	A	A	A	A
divny	A	A	A	A
divy	A	A	A	B
djabȯľsky	A	A	B	C
djavȯľsky	A	A	B	C
dnėšny	A	A	A	A
dnevny	A	A	A	A
dobrodušny	A	A	A	A
dobronaměrny	A	A	A	A
dobropoględny	A	A	A	A
dobrovoljny	A	A	A	A
dobry	A	A	M	B
dȯćersky	A	A	B	C
dočasny	A	A	A	A
dodatny	A	A	A	A
dodatȯčny	A	A	A	A
dogovorny	A	A	A	A
dokončeny	A	A	A	B
dȯlgočasny	A	A	A	A
dȯlgočašeny	A	A	A	B
dȯlgohvosty	A	A	A	B
dȯlgotrajny	A	A	A	A
dȯlgověčny	A	A	A	A
dȯlgoživeny	A	A	A	B
dȯlgoživostny	A	A	A	A
dȯlgy	A	A	F	B
doľnolužičsky	A	A	B	C
doľnosŕbsky	A	A	B	C
doľny	A	A	A	A
dȯlžny	A	A	A	A
domašny	A	A	A	A
domorodny	A	A	A	A
domovy	A	A	A	B
domysľny	A	A	A	A
dopȯlniteljny	A	A	A	A
dopȯlnjeny	A	A	A	B
dopustimy	A	A	A	B
doråstly	A	A	A	B
dosadny	A	A	A	A
dosęgajemy	A	A	A	B
dosęženy	A	A	A	B
doskonaly	A	A	A	B
doslědny	A	A	A	A
doslovny	A	A	A	A
dostatȯčny	A	A	A	A
dostojny	A	A	A	A
dostųpny	A	A	A	A
dȯščeny	A	A	A	B
dověrny	A	A	A	A
dovoljny	A	A	A	A
dovŕšeny	A	A	A	B
dozrěly	A	A	A	B
dozrěny	A	A	A	B
dozvolimy	A	A	A	B
dozvoljeny	A	A	A	B
dȯžďevy	A	A	A	B
dȯždlivy	A	A	A	B
dožitny	A	A	A	A
drågocěnny	A	A	A	A
drågy	A	A	F	B
dramatičny	A	A	A	A
drastičny	A	A	A	A
dražlivy	A	A	A	B
dråžny	A	A	A	A
drěmlivy	A	A	A	B
drěvěny	A	A	A	B
drěvny	A	A	A	A
drobny	A	A	A	A
drožđevy	A	A	A	B
drugorędny	A	A	A	A
drugy	A	A	F	B
družny	A	A	A	A
dŕzky	A	A	D	F
dŕžavny	A	A	A	A
dųbovy	A	A	A	B
duhovny	A	A	A	A
durny	A	A	A	A
durovy	A	A	A	B
duševny	A	A	A	A
dušlivy	A	A	A	B
dušny	A	A	A	A
duty	A	A	A	B
dvojčany	A	A	A	B
dvojny	A	A	A	A
dvojostry	A	A	A	B
dvorjansky	A	A	B	C
dvucifreny	A	A	A	B
dvuetapovy	A	A	A	B
dvuetažny	A	A	A	A
dvuglåvy	A	A	A	B
dvujęzyčny	A	A	A	A
dvukolesny	A	A	A	A
dvukråtny	A	A	A	A
dvulicevy	A	A	A	B
dvuličny	A	A	A	A
dvumotorovy	A	A	A	B
dvusmysľny	A	A	A	A
dvustrånny	A	A	A	A
dvustųpny	A	A	A	A
dvutonovy	A	A	A	B
dvuvyměrny	A	A	A	A
dvuznačny	A	A	A	A
edukacijny	A	A	A	A
efektivny	A	A	A	A
egalitarny	A	A	A	A
egiptsky	A	A	B	C
egoističny	A	A	A	A
egzotičny	A	A	A	A
ekologičny	A	A	A	A
ekonomičny	A	A	A	A
ekskluzivny	A	A	A	A
eksperimentaľny	A	A	A	A
eksplozivny	A	A	A	A
eksponenciaľny	A	A	A	A
ekstremističny	A	A	A	A
ekumeničny	A	A	A	A
ekvadorsky	A	A	B	C
ekvivalentny	A	A	A	A
elastičny	A	A	A	A
elegantny	A	A	A	A
električny	A	A	A	A
elektroničny	A	A	A	A
elementarny	A	A	A	A
emocionaľny	A	A	A	A
empiričny	A	A	A	A
enciklopedičny	A	A	A	A
endemičny	A	A	A	A
energetičny	A	A	A	A
energičny	A	A	A	A
entuziastičny	A	A	A	A
epičsky	A	A	B	C
episkopaľny	A	A	A	A
erotičny	A	A	A	A
esperantsky	A	A	B	C
estetičny	A	A	A	A
estonsky	A	A	B	C
etičny	A	A	A	A
etimologičny	A	A	A	A
etiopsky	A	A	B	C
etničny	A	A	A	A
etnografičny	A	A	A	A
eventuaľny	A	A	A	A
evropejsky	A	A	B	C
evropsky	A	A	B	C
fajny	A	A	A	A
faktičny	A	A	A	A
fakultativny	A	A	A	A
falšivy	A	A	N	B
fanatičny	A	A	A	A
fantastičny	A	A	A	A
farersky	A	A	B	C
fašističny	A	A	A	A
fataľny	A	A	A	A
federaľny	A	A	A	A
federativny	A	A	A	A
feudaľny	A	A	A	A
fiktivny	A	A	A	A
filantropičny	A	A	A	A
filharmoničny	A	A	A	A
filiaľny	A	A	A	A
filipinsky	A	A	B	C
filologičny	A	A	A	A
filozofsky	A	A	B	C
finansovy	A	A	A	B
finitny	A	A	A	A
finsky	A	A	B	C
fioletovy	A	A	A	B
fiskaľny	A	A	A	A
fizičny	A	A	A	A
flegmatičny	A	A	A	A
fleksibiľny	A	A	A	A
folklorny	A	A	A	A
fonetičny	A	A	A	A
fonologičny	A	A	A	A
formaľny	A	A	A	A
fotografičny	A	A	A	A
fragmentarny	A	A	A	A
francuzskojęzyčny	A	A	A	A
francuzsky	A	A	B	C
franksky	A	A	B	C
freudovsky	A	A	B	C
frustrovany	A	A	A	B
fundamentalističny	A	A	A	A
funkcionaľny	A	A	A	A
gadny	A	A	A	A
gajansky	A	A	B	C
galantny	A	A	A	A
gansky	A	A	B	C
garantovany	A	A	A	B
gazovy	A	A	A	B
generaľny	A	A	A	A
generičny	A	A	A	A
genetičny	A	A	A	A
geniaľny	A	A	A	A
geografičny	A	A	A	A
geologičny	A	A	A	A
geopolitičny	A	A	A	A
geriatričny	A	A	A	A
germansky	A	A	B	C
gigantsky	A	A	B	C
ginekologičny	A	A	A	A
gladky	A	A	D	F
glådny	A	A	A	A
glagoličny	A	A	A	A
glagoľsky	A	A	B	C
glåsny	A	A	A	A
glåvaty	A	A	A	B
glåvny	A	A	A	A
gliněny	A	A	A	B
globaľny	A	A	A	A
glųbinny	A	A	A	A
glųboky	A	A	H	B
gluhoněmy	A	A	A	B
gluhy	A	A	I	B
glupy	A	A	A	B
gnědy	A	A	A	B
gněvlivy	A	A	A	B
gněvny	A	A	A	A
gnily	A	A	A	B
gnusny	A	A	A	A
godišny	A	A	A	A
godny	A	A	A	A
golobrådy	A	A	A	B
goloslovny	A	A	A	A
goly	A	A	A	B
gȯrdy	A	A	A	B
goristy	A	A	A	B
goŕky	A	A	D	G
gorlivy	A	A	A	B
gornolužičsky	A	A	B	C
gornosŕbsky	A	A	B	C
gorsky	A	A	B	C
gosteprijemny	A	A	A	A
gostinny	A	A	A	A
gotičsky	A	A	B	C
gotovy	A	A	A	B
gotsky	A	A	B	C
govněny	A	A	A	B
grådsky	A	A	B	C
gråđansky	A	A	B	C
grafičny	A	A	A	A
gråhovy	A	A	A	B
gramatičny	A	A	A	A
gramotny	A	A	A	A
grbaty	A	A	A	B
grėčsky	A	A	B	C
grenlandsky	A	A	B	C
grěšny	A	A	A	A
gripovy	A	A	A	B
groteskovy	A	A	A	B
grozny	A	A	A	A
gruby	A	A	A	B
grųdny	A	A	A	A
grupovy	A	A	A	B
gruševy	A	A	A	B
gruzinsky	A	A	B	C
gųsty	A	A	A	B
gvatemaľsky	A	A	B	C
gybky	A	A	D	F
haitiansky	A	A	B	C
haotičny	A	A	A	A
harakterističny	A	A	A	A
harmoničny	A	A	A	A
hebrejsky	A	A	B	C
hemičny	A	A	A	A
hepovy	A	A	A	B
heterogenny	A	A	A	A
heteroseksuaľny	A	A	A	A
hidravličny	A	A	A	A
hierarhičny	A	A	A	A
hieroglifny	A	A	A	A
higieničny	A	A	A	A
himersky	A	A	B	C
hipotetičny	A	A	A	A
hirugičny	A	A	A	A
histeričny	A	A	A	A
historičny	A	A	A	A
hlådny	A	A	A	A
hmeljny	A	A	A	A
holandsky	A	A	B	C
holeričny	A	A	A	A
homogenny	A	A	A	A
homoseksuaľny	A	A	A	A
hondurassky	A	A	B	C
horizontaľny	A	A	A	A
hråbry	A	A	A	B
hråpavy	A	A	A	B
hrebetny	A	A	A	A
hrěnovy	A	A	A	B
hriply	A	A	A	B
hristijansky	A	A	B	C
hromatičny	A	A	A	A
hromy	A	A	A	B
hronologičny	A	A	A	A
hrupkavy	A	A	A	B
hrvatsky	A	A	B	C
htivy	A	A	A	B
hųdožny	A	A	A	A
hudy	A	A	A	B
humanističny	A	A	A	A
humanitarny	A	A	A	A
humorističny	A	A	A	A
hvalebny	A	A	A	A
hvoroblivy	A	A	A	B
hvory	A	A	A	B
hybny	A	A	A	A
hytry	A	A	A	B
idealističny	A	A	A	A
ideaľny	A	A	A	A
identičny	A	A	A	A
ideologičny	A	A	A	A
idiličny	A	A	A	A
idiomatičny	A	A	A	A
idiotsky	A	A	B	C
iglasty	A	A	A	B
igrivy	A	A	A	B
ilovy	A	A	A	B
iluzorny	A	A	A	A
impotentny	A	A	A	A
impulsivny	A	A	A	A
imunny	A	A	A	A
inaky	A	A	E	B
inavguraľny	A	A	A	A
indijansky	A	A	B	C
indijsky	A	A	B	C
individuaľny	A	A	A	A
indoarijsky	A	A	B	C
indoevropejsky	A	A	B	C
indoiransky	A	A	B	C
indonezsky	A	A	B	C
industriaľny	A	A	A	A
informacijny	A	A	A	A
informativny	A	A	A	A
informovany	A	A	A	B
infračrveny	A	A	A	B
ingušsky	A	A	B	C
inoliky	A	A	E	B
inovativny	A	A	A	A
inovrěmenny	A	A	A	A
inozemny	A	A	A	A
instrumentaľny	A	A	A	A
intelektuaľny	A	A	A	A
intensivny	A	A	A	A
interaktivny	A	A	A	A
interesny	A	A	A	A
interlingvističny	A	A	A	A
internetny	A	A	A	A
intuitivny	A	A	A	A
iny	A	A	A	C
iračsky	A	A	B	C
iransky	A	A	B	C
irlandsky	A	A	B	C
ironičny	A	A	A	A
iskreny	A	A	A	B
islamsky	A	A	B	C
islandsky	A	A	B	C
istinlivy	A	A	A	B
istinny	A	A	A	A
isty	A	A	A	B
italijansky	A	A	B	C
ivovy	A	A	A	B
izběgomy	A	A	A	B
izbiramy	A	A	A	B
izbrany	A	A	A	B
izbuhlivy	A	A	A	B
izbytȯčny	A	A	A	A
izdŕžlivy	A	A	A	B
izgodny	A	A	A	A
izključiteljny	A	A	A	A
izkusny	A	A	A	A
izkušeny	A	A	A	B
izlišny	A	A	A	A
izmųčeny	A	A	A	B
izmysljeny	A	A	A	B
iznahodlivy	A	A	A	B
izolovany	A	A	A	B
izotermičny	A	A	A	A
izprodany	A	A	A	B
izpųkly	A	A	A	B
izraeľsky	A	A	B	C
izrazny	A	A	A	A
izrođeny	A	A	A	B
izsunųty	A	A	A	B
iztočnoslovjansky	A	A	B	C
iztočny	A	A	A	A
izumŕly	A	A	A	C
izumrěly	A	A	A	B
izvěstny	A	A	A	A
izvodlivy	A	A	A	B
izvolimy	A	A	A	B
izvoljeny	A	A	A	B
izvoljny	A	A	A	A
izvråćeny	A	A	A	B
jablȯčny	A	A	A	A
jadovity	A	A	A	B
jagodny	A	A	A	A
jajėčny	A	A	A	A
jalovy	A	A	A	B
jamajsky	A	A	B	C
japonsky	A	A	B	C
jarky	A	A	D	F
jarovy	A	A	A	B
jasny	A	A	A	A
javansky	A	A	B	C
javny	A	A	A	A
javorovy	A	A	A	B
jebany	A	A	A	B
jęčmenny	A	A	A	A
jedinovy	A	A	A	B
jedinstveny	A	A	A	B
jediny	A	A	A	B
jedlivy	A	A	A	B
jednakovy	A	A	A	B
jednaky	A	A	E	B
jednočasny	A	A	A	A
jednoglåsny	A	A	A	A
jednogodišny	A	A	A	A
jednojęzyčny	A	A	A	A
jednokråtny	A	A	A	A
jednonočny	A	A	A	A
jednonogy	A	A	F	B
jednoobrazny	A	A	A	A
jednooky	A	A	H	B
jednopoly	A	A	A	B
jednoročny	A	A	A	A
jednorodny	A	A	A	A
jednorųky	A	A	E	B
jednosložny	A	A	A	A
jednosměrny	A	A	A	A
jednostajny	A	A	A	A
jednostrånny	A	A	A	A
jednovrěmenny	A	A	A	A
jednoznačny	A	A	A	A
jedomy	A	A	A	B
jędrny	A	A	A	A
jesenny	A	A	A	A
jevrejskoslovjansky	A	A	B	C
jevrejsky	A	A	B	C
jezerny	A	A	A	A
języčkovy	A	A	A	B
języčny	A	A	A	A
jordansky	A	A	B	C
jugoiztočny	A	A	A	A
jugoslavsky	A	A	B	C
jugovȯzhodny	A	A	A	A
jugozapadny	A	A	A	A
juny	A	A	A	B
jutrišny	A	A	A	A
južnoafrikansky	A	A	B	C
južnoamerikansky	A	A	B	C
južnoevropejsky	A	A	B	C
južnokorejsky	A	A	B	C
južnoslovjansky	A	A	B	C
južny	A	A	A	A
kabalističny	A	A	A	A
kakostny	A	A	A	A
kaligrafičny	A	A	A	A
kaľny	A	A	A	A
kamenisty	A	A	A	B
kamenny	A	A	A	A
kanadsky	A	A	B	C
kanibaľsky	A	A	B	C
kanoničny	A	A	A	A
kapitalističny	A	A	A	A
kaprizny	A	A	A	A
karaibsky	A	A	B	C
kardiologičny	A	A	A	A
karny	A	A	A	A
kaštanovy	A	A	A	B
kašubsky	A	A	B	C
katalansky	A	A	B	C
katarsky	A	A	B	C
katastrofičny	A	A	A	A
kategoričny	A	A	A	A
katoličsky	A	A	B	C
kauzaľny	A	A	A	A
kavovy	A	A	A	B
kazahsky	A	A	B	C
kazašsky	A	A	B	C
kaznivy	A	A	A	B
každodėnny	A	A	A	A
každoročny	A	A	A	A
každy	A	A	A	B
keltsky	A	A	B	C
keramičny	A	A	A	A
kibernetičny	A	A	A	A
kiriličsky	A	A	B	C
kirilsky	A	A	B	C
kitajsky	A	A	B	C
klasičny	A	A	A	A
klejky	A	A	D	G
klenovy	A	A	A	B
klětȯčny	A	A	A	A
klientsky	A	A	B	C
klimatsky	A	A	B	C
kliničny	A	A	A	A
ključny	A	A	A	A
knęžny	A	A	A	A
kniževny	A	A	A	A
koketny	A	A	A	A
kokosovy	A	A	A	B
kolektivny	A	A	A	A
kolikoraky	A	A	E	B
koliky	A	A	E	B
koloniaľny	A	A	A	A
kolumbijsky	A	A	B	C
kȯlzky	A	A	D	F
kombinatorny	A	A	A	A
komerciaľny	A	A	A	A
komfortny	A	A	A	A
komičny	A	A	A	A
kompatibiľny	A	A	A	A
kompetentny	A	A	A	A
kompetitivny	A	A	A	A
kompjuterizovany	A	A	A	B
kompjuterny	A	A	A	A
kompletny	A	A	A	A
komplikovany	A	A	A	B
kompromisny	A	A	A	A
komunističny	A	A	A	A
konceptuaľny	A	A	A	A
kondensovany	A	A	A	B
konėčny	A	A	A	A
kongolezsky	A	A	B	C
konkretny	A	A	A	A
konkurencijny	A	A	A	A
konny	A	A	A	A
konopjany	A	A	A	B
konservativny	A	A	A	A
konservovany	A	A	A	B
konsky	A	A	B	C
konstitucijny	A	A	A	A
kontrabandny	A	A	A	A
konvencionaľny	A	A	A	A
koprivny	A	A	A	A
koprovy	A	A	A	B
koptsky	A	A	B	C
koralovy	A	A	A	B
korejsky	A	A	B	C
korektny	A	A	A	A
korenisty	A	A	A	B
koričnevy	A	A	A	B
koristny	A	A	A	A
kornijsky	A	A	B	C
korporativny	A	A	A	A
korumpovany	A	A	A	B
kosmaty	A	A	A	B
kosmetičny	A	A	A	A
kosmičny	A	A	A	A
kosooky	A	A	H	B
kosovsky	A	A	B	C
kostarikansky	A	A	B	C
kostěny	A	A	A	B
kostlivy	A	A	A	B
kostny	A	A	A	A
kosy	A	A	A	B
košerny	A	A	A	A
kovny	A	A	A	A
kozačsky	A	A	B	C
koženy	A	A	A	B
krajny	A	A	A	A
kråljevsky	A	A	B	C
krasivy	A	A	A	B
krasnorěčivy	A	A	A	B
krasny	A	A	A	A
kråstavy	A	A	A	B
kråtkonogy	A	A	F	B
kråtkotrajny	A	A	A	A
kråtkovidny	A	A	A	A
kråtky	A	A	D	F
kreativny	A	A	A	A
krěhky	A	A	D	F
kremenisty	A	A	A	B
kremenny	A	A	A	A
kremovy	A	A	A	B
kreoľsky	A	A	B	C
krěpky	A	A	D	F
kretensky	A	A	B	C
krilaty	A	A	A	B
kristaľny	A	A	A	A
kritičny	A	A	A	A
krivoboky	A	A	H	B
krivonogy	A	A	F	B
krivy	A	A	A	B
krmny	A	A	A	A
krotky	A	A	D	F
krȯvny	A	A	A	A
krųgly	A	A	A	B
krųgovy	A	A	A	B
kruty	A	A	A	B
krvavy	A	A	A	B
krymsky	A	A	B	C
ksenofobičny	A	A	A	A
kubansky	A	A	B	C
kubičny	A	A	A	A
kųdlaty	A	A	A	B
kųdravy	A	A	A	B
kuhaŕsky	A	A	B	C
kuhenny	A	A	A	A
kulinarny	A	A	A	A
kuljgavy	A	A	A	B
kulturny	A	A	A	A
kurdsky	A	A	B	C
kuriozny	A	A	A	A
kursivny	A	A	A	A
kusy	A	A	A	B
kųtny	A	A	A	A
kvadratny	A	A	A	A
kvantitativny	A	A	A	A
kvasny	A	A	A	A
kyjevsky	A	A	B	C
kyrgyzsky	A	A	B	C
kysly	A	A	A	B
lagodny	A	A	A	A
lakomy	A	A	A	B
lakoničny	A	A	A	A
lansky	A	A	B	C
laskavy	A	A	A	B
latinsky	A	A	B	C
latyšsky	A	A	B	C
lěčebny	A	A	A	A
leděny	A	A	A	B
ledovity	A	A	A	B
lędvičny	A	A	A	A
legaľny	A	A	A	A
legendarny	A	A	A	A
legitimny	A	A	A	A
legkomysljny	A	A	A	A
legkověrny	A	A	A	A
legky	A	A	D	F
lehitsky	A	A	B	C
lěkaŕsky	A	A	B	C
leksikaľny	A	A	A	A
lěnivy	A	A	A	B
lěny	A	A	A	B
lěpky	A	A	D	F
lěpy	A	A	A	B
lesbijsky	A	A	B	C
lěsisty	A	A	A	B
lěsny	A	A	A	A
lětny	A	A	A	A
lěvičaŕsky	A	A	B	C
lěvorųky	A	A	E	B
lěvy	A	A	A	B
libansky	A	A	B	C
liberaľny	A	A	A	A
libijsky	A	A	B	C
libovoljny	A	A	A	A
liceměrny	A	A	A	A
ličny	A	A	A	A
lihvaŕsky	A	A	B	C
lihy	A	A	I	B
lilovy	A	A	A	B
limonny	A	A	A	A
linearny	A	A	A	A
lingvističny	A	A	A	A
listny	A	A	A	A
literarny	A	A	A	A
literaturny	A	A	A	A
litȯvsky	A	A	B	C
liturgičny	A	A	A	A
livny	A	A	A	A
ljněny	A	A	A	B
ljstivy	A	A	A	B
ljubezny	A	A	A	A
ljubimy	A	A	A	B
ljubopytny	A	A	A	A
ljubȯvny	A	A	A	A
ljudny	A	A	A	A
ljudojedsky	A	A	B	C
ljudožersky	A	A	B	C
ljudsky	A	A	B	C
ljuty	A	A	A	B
logičny	A	A	A	A
lojaľny	A	A	A	A
lomlivy	A	A	A	B
lovečsky	A	A	B	C
lovny	A	A	A	A
lȯžny	A	A	A	A
ludy	A	A	A	B
lukavy	A	A	A	B
lukovy	A	A	A	B
luksemburžsky	A	A	B	C
lunny	A	A	A	A
luteransky	A	A	B	C
lužičsky	A	A	B	C
lysy	A	A	A	B
lživy	A	A	A	B
madjarsky	A	A	B	C
magičny	A	A	A	A
magnetičny	A	A	A	A
majstrovsky	A	A	B	C
makedonsky	A	A	B	C
maksimaľny	A	A	A	A
malajsky	A	A	B	C
malenjky	A	A	D	G
malinovy	A	A	A	B
malodušny	A	A	A	A
malolětny	A	A	A	A
maloljudny	A	A	A	A
maloměrny	A	A	A	A
malomȯlvny	A	A	A	A
malostlivy	A	A	A	B
malovažny	A	A	A	A
malověrny	A	A	A	A
malovodny	A	A	A	A
maltejsky	A	A	B	C
maly	A	A	O	B
mamlivy	A	A	A	B
marginaľny	A	A	A	A
marinovany	A	A	A	B
marlivy	A	A	A	B
masivny	A	A	A	A
maslinovy	A	A	A	B
masovy	A	A	A	B
mašinaľny	A	A	A	A
matematičny	A	A	A	A
materiaľny	A	A	A	A
materinsky	A	A	B	C
matersky	A	A	B	C
matovy	A	A	A	B
mėčtateljny	A	A	A	A
medly	A	A	A	B
mědny	A	A	A	A
měděny	A	A	A	B
medonosny	A	A	A	A
medovy	A	A	A	B
medvědny	A	A	A	A
međny	A	A	A	A
međudŕžavny	A	A	A	A
međugrådny	A	A	A	A
međugrådsky	A	A	B	C
međukontinentaľny	A	A	A	A
međukulturny	A	A	A	A
međuljudsky	A	A	B	C
međunarodny	A	A	A	A
međuplanetarny	A	A	A	A
međuregionaľny	A	A	A	A
međuslovjansky	A	A	B	C
međusobny	A	A	A	A
međuvrěmenny	A	A	A	A
međuzvězdny	A	A	A	A
mehaničny	A	A	A	A
měhurny	A	A	A	A
mękky	A	A	D	F
meksikansky	A	A	B	C
melanholičny	A	A	A	A
mělky	A	A	P	F
melodičny	A	A	A	A
měnlivy	A	A	A	B
mentaľny	A	A	A	A
měrny	A	A	A	A
měrodajny	A	A	A	A
měsęčny	A	A	A	A
męsisty	A	A	A	B
męsny	A	A	A	A
męsojedny	A	A	A	A
męsožerny	A	A	A	A
městny	A	A	A	A
metaličny	A	A	A	A
meteologičny	A	A	A	A
mętežny	A	A	A	A
mglisty	A	A	A	B
mikroskopičny	A	A	A	A
militantny	A	A	A	A
milosŕdny	A	A	A	A
milostivy	A	A	A	B
milovany	A	A	A	B
mily	A	A	A	B
mimičny	A	A	A	A
mimohodny	A	A	A	A
mimovoljny	A	A	A	A
minimalističny	A	A	A	A
minimaľny	A	A	A	A
minųly	A	A	A	B
mirny	A	A	A	A
mističny	A	A	A	A
mitičny	A	A	A	A
mitologičny	A	A	A	A
mlådensky	A	A	B	C
mlådežny	A	A	A	A
mlådostny	A	A	A	A
mlådy	A	A	A	B
mlavy	A	A	A	B
mlěčny	A	A	A	A
mly	A	A	A	H
mnogobarvny	A	A	A	A
mnogocentričny	A	A	A	A
mnogočisľny	A	A	A	A
mnogojęzyčny	A	A	A	A
mnogokråtny	A	A	A	A
mnogokulturny	A	A	A	A
mnogolětny	A	A	A	A
mnogoljudny	A	A	A	A
mnogoraky	A	A	E	B
mnogorěčivy	A	A	A	B
mnogoslovny	A	A	A	A
mnogosložny	A	A	A	A
mnogostrånny	A	A	A	A
mnogy	A	A	Q	B
mobiľny	A	A	A	A
močarny	A	A	A	A
modaľny	A	A	A	A
moderny	A	A	A	A
modny	A	A	A	A
modrooky	A	A	H	B
modry	A	A	A	B
modularny	A	A	A	A
mogųtny	A	A	A	A
mokry	A	A	A	B
mȯlčalivy	A	A	A	B
mȯlčny	A	A	A	A
moldavsky	A	A	B	C
molekularny	A	A	A	A
molovy	A	A	A	B
momentaľny	A	A	A	A
mongoľsky	A	A	B	C
monolitny	A	A	A	A
monumentaľny	A	A	A	A
moraľny	A	A	A	A
moravsky	A	A	B	C
morfologičny	A	A	A	A
morny	A	A	A	A
moŕsky	A	A	B	C
moskȯvsky	A	A	B	C
mozgovy	A	A	A	B
možlivy	A	A	A	B
možny	A	A	A	A
mråčny	A	A	A	A
mråzny	A	A	A	A
mråzosušeny	A	A	A	B
mråženy	A	A	A	B
mŕtvy	A	A	A	B
mŕzky	A	A	D	F
mstivy	A	A	A	B
mųčiteljny	A	A	A	A
mųdry	A	A	A	B
multikulturny	A	A	A	A
muslimansky	A	A	B	C
mųtny	A	A	A	A
muzikaľny	A	A	A	A
muzikologičny	A	A	A	A
mųžsky	A	A	B	C
myslimy	A	A	A	B
mysljenny	A	A	A	A
myšasty	A	A	A	B
nabožny	A	A	A	A
nacionalističny	A	A	A	A
nacionalsocialističny	A	A	A	A
nacističny	A	A	A	A
nadějny	A	A	A	A
nadežny	A	A	A	A
nadljudsky	A	A	B	C
nadměrny	A	A	A	A
nadnacionaľny	A	A	A	A
nadobyčajny	A	A	A	A
nadoprošćeny	A	A	A	B
nadprirodny	A	A	A	A
nadųty	A	A	A	B
naględny	A	A	A	A
nagly	A	A	A	B
nagorny	A	A	A	A
nagy	A	A	F	B
nahmurjeny	A	A	A	B
naivny	A	A	A	A
najemny	A	A	A	A
naklonjeny	A	A	A	B
naležity	A	A	A	B
naměrny	A	A	A	A
napadny	A	A	A	A
napaljeny	A	A	A	B
napęty	A	A	A	B
napråzdny	A	A	A	A
narcističny	A	A	A	A
naročity	A	A	A	B
narodny	A	A	A	A
narožny	A	A	A	A
naseljeny	A	A	A	B
nasiľny	A	A	A	A
naslědny	A	A	A	A
nastěnny	A	A	A	A
nastojčivy	A	A	A	B
nastrojevy	A	A	A	B
nastųpny	A	A	A	A
naturalističny	A	A	A	A
naturaľny	A	A	A	A
naučny	A	A	A	A
navětrny	A	A	A	A
nazadny	A	A	A	A
nazemny	A	A	A	A
naznačeny	A	A	A	B
nazvany	A	A	A	B
neadekvatny	A	A	A	A
nebesky	A	A	B	C
nebesny	A	A	A	A
nebezpečny	A	A	A	A
neblågodarny	A	A	A	A
nebogy	A	A	F	B
nebojazlivy	A	A	A	B
nebrěžny	A	A	A	A
nebsky	A	A	B	C
nebystry	A	A	A	B
nebyvaly	A	A	A	B
nečestivy	A	A	A	B
nečėstny	A	A	A	A
nečisty	A	A	A	B
nedaleky	A	A	J	B
nedavny	A	A	A	A
nedbaly	A	A	A	B
nedobry	A	A	A	B
nedopustimy	A	A	A	B
nedoråzvity	A	A	A	B
nedoslědny	A	A	A	A
nedostatȯčny	A	A	A	A
nedostojny	A	A	A	A
nedostųpny	A	A	A	A
nedotykajemy	A	A	A	B
nedovŕšeny	A	A	A	B
nedozvoljeny	A	A	A	B
nedrågy	A	A	F	B
nedŕžavny	A	A	A	A
neefektivny	A	A	A	A
neformaľny	A	A	A	A
negativny	A	A	A	A
negodny	A	A	A	A
negotovy	A	A	A	B
negramotny	A	A	A	A
negybky	A	A	D	F
neizběžny	A	A	A	A
neizgodny	A	A	A	A
neizgovorlivy	A	A	A	B
neizměnjeny	A	A	A	B
neizměnny	A	A	A	A
neizměrimy	A	A	A	B
neizvěstny	A	A	A	A
nejasny	A	A	A	A
nejlonovy	A	A	A	B
někaky	A	A	E	B
nekaznivy	A	A	A	B
nekompletny	A	A	A	A
nekrasny	A	A	A	A
něktory	A	A	A	C
nelegaľny	A	A	A	A
neljudsky	A	A	B	C
nelogičny	A	A	A	A
nemaly	A	A	A	B
němėčsky	A	A	B	C
nemilosŕdny	A	A	A	A
nemilostivy	A	A	A	B
nemily	A	A	A	B
neminujemy	A	A	A	B
nemirny	A	A	A	A
nemnogy	A	A	F	B
nemoraľny	A	A	A	A
nemožlivy	A	A	A	B
nemožny	A	A	A	A
nemŕtvy	A	A	A	B
nemųdry	A	A	A	B
němy	A	A	A	B
nenadežny	A	A	A	A
nenaměrny	A	A	A	A
nenaměrjeny	A	A	A	B
nenarušimy	A	A	A	B
nenasytny	A	A	A	A
nenaučny	A	A	A	A
nenavistny	A	A	A	A
neniščimy	A	A	A	B
nenormaľny	A	A	A	A
neobhodimy	A	A	A	B
neobjasnimy	A	A	A	B
neobjętny	A	A	A	A
neobrazovany	A	A	A	B
neobyčny	A	A	A	A
neobzrimy	A	A	A	B
neočekyvany	A	A	A	B
neodćuđimy	A	A	A	B
neodčuđajemy	A	A	A	B
neodčuđimy	A	A	A	B
neoddělimy	A	A	A	B
neodgovorny	A	A	A	A
neodložny	A	A	A	A
neodpovědaľny	A	A	A	A
neodstųpny	A	A	A	A
neodvråtimy	A	A	A	B
neoficiaľny	A	A	A	A
neograničeny	A	A	A	B
neohotny	A	A	A	A
neolitičny	A	A	A	A
neopisujemy	A	A	A	B
neoprěděljeny	A	A	A	B
neoriginaľny	A	A	A	A
neoskvŕnjeny	A	A	A	B
neosnovany	A	A	A	B
neosporimy	A	A	A	B
neostråžny	A	A	A	A
neoznačeny	A	A	A	B
nepaľsky	A	A	B	C
nepamętny	A	A	A	A
neparny	A	A	A	A
nepisany	A	A	A	B
neplodny	A	A	A	A
nepodatlivy	A	A	A	B
nepodobny	A	A	A	A
nepokorny	A	A	A	A
nepȯlnomožny	A	A	A	A
nepȯlnosposobny	A	A	A	A
nepȯlny	A	A	A	B
nepopravimy	A	A	A	B
nepopravny	A	A	A	A
neporędny	A	A	A	A
neporočny	A	A	A	A
neporušimy	A	A	A	B
neposědlivy	A	A	A	B
neposlušny	A	A	A	A
neposrědny	A	A	A	A
nepostojanny	A	A	A	A
nepotrěbny	A	A	A	A
nepoznajemy	A	A	A	B
nepozvoljeny	A	A	A	B
nepraktičny	A	A	A	A
nepravdivy	A	A	A	B
nepravdopodobny	A	A	A	A
nepraviľny	A	A	A	A
nepravy	A	A	A	B
neprědvidimy	A	A	A	B
neprědvidlivy	A	A	A	B
neprěhodny	A	A	A	A
neprěstanny	A	A	A	A
neprigodny	A	A	A	A
neprijateljsky	A	A	B	C
neprijatny	A	A	A	A
neprijemlivy	A	A	A	B
neprijemny	A	A	A	A
neprimětny	A	A	A	A
neprirodny	A	A	A	A
nepristojny	A	A	A	A
nepristųpny	A	A	A	A
nepritomny	A	A	A	A
neprivykly	A	A	A	B
neprodyšny	A	A	A	A
neprohodny	A	A	A	A
nepromokajemy	A	A	A	B
neprosty	A	A	A	B
neprozråčny	A	A	A	A
neråbotny	A	A	A	A
neracionaľny	A	A	A	A
neråvny	A	A	A	A
neråzlųčny	A	A	A	A
neråzumlivy	A	A	A	B
neråzumny	A	A	A	A
neråzvity	A	A	A	B
nerědky	A	A	D	F
nerędny	A	A	A	A
neregularny	A	A	A	A
nervny	A	A	A	A
nervozny	A	A	A	A
nesamovoljny	A	A	A	A
nesčisljeny	A	A	A	B
neskromny	A	A	A	A
neslavny	A	A	A	A
neslyhany	A	A	A	B
nesměly	A	A	A	B
nesmysľny	A	A	A	A
nesnosny	A	A	A	A
nesȯvŕšeny	A	A	A	B
nespokojny	A	A	A	A
nesposobny	A	A	A	A
nespravědlivy	A	A	A	B
nesrųčny	A	A	A	A
nestabiľny	A	A	A	A
nestaly	A	A	A	B
nesųmněny	A	A	A	B
nesvědomy	A	A	A	B
nesvęzany	A	A	A	B
neščęstlivy	A	A	A	B
neščęstny	A	A	A	A
neškodlivy	A	A	A	B
netȯčny	A	A	A	A
netolerantny	A	A	A	A
netrězvy	A	A	A	B
netŕpělivy	A	A	A	B
netŕpimy	A	A	A	B
neubojazny	A	A	A	A
neučeny	A	A	A	B
neučtivy	A	A	A	B
neudačny	A	A	A	A
neudobny	A	A	A	A
neugasimy	A	A	A	B
neuměrny	A	A	A	A
neuměstny	A	A	A	A
neumny	A	A	A	A
neumolimy	A	A	A	B
neumorjeny	A	A	A	B
neumysľny	A	A	A	A
neurodny	A	A	A	A
neuspěšny	A	A	A	A
neustaly	A	A	A	B
neustrašny	A	A	A	A
neustųplivy	A	A	A	B
neustųpny	A	A	A	A
neutěšimy	A	A	A	B
neuvěrjeny	A	A	A	B
nevažny	A	A	A	A
nevdęčny	A	A	A	A
nevědomy	A	A	A	B
neveliky	A	A	E	B
nevěrny	A	A	A	A
nevěrojętny	A	A	A	A
nevěstinsky	A	A	B	C
nevidimy	A	A	A	B
nevinny	A	A	A	A
nevinovaty	A	A	A	B
nevojnovy	A	A	A	B
nevoljny	A	A	A	A
nevrologičny	A	A	A	A
nevromorfny	A	A	A	A
nevtraľny	A	A	A	A
nezabytny	A	A	A	A
nezadovoliteljny	A	A	A	A
nezadovoljeny	A	A	A	B
nezakonny	A	A	A	A
nezaležny	A	A	A	A
nezasluženy	A	A	A	B
nezavisny	A	A	A	A
nezdråvy	A	A	A	B
nezgrabny	A	A	A	A
nezly	A	A	A	H
neznačny	A	A	A	A
neznajemy	A	A	A	B
neznany	A	A	A	B
neživy	A	A	A	B
něžny	A	A	A	A
niderlandsky	A	A	B	C
nigerijsky	A	A	B	C
nikaky	A	A	E	B
nikaraguansky	A	A	B	C
niščimy	A	A	A	B
niščiteljsky	A	A	B	C
niščivy	A	A	A	B
niševy	A	A	A	B
nizinny	A	A	A	A
nizky	A	A	D	F
nižny	A	A	A	A
nonšalantny	A	A	A	A
normaľny	A	A	A	A
norovisty	A	A	A	B
norvežsky	A	A	B	C
nosny	A	A	A	A
nosovy	A	A	A	B
nostalgičny	A	A	A	A
notoričny	A	A	A	A
novogrėčsky	A	A	B	C
novohebrejsky	A	A	B	C
novonarođeny	A	A	A	B
novoslověnsky	A	A	B	C
novozelandsky	A	A	B	C
novy	A	A	A	B
nudny	A	A	A	A
nuklearny	A	A	A	A
numeričny	A	A	A	A
nužny	A	A	A	A
nyněšny	A	A	A	A
nyrkovy	A	A	A	B
obćeslovjansky	A	A	B	C
obdarjeny	A	A	A	B
obědny	A	A	A	A
obiľny	A	A	A	A
objedinjeny	A	A	A	B
objektivny	A	A	A	A
oblåčny	A	A	A	A
oblastny	A	A	A	A
oblěčeny	A	A	A	B
obljubjeny	A	A	A	B
obly	A	A	A	J
obmeđeny	A	A	A	B
obmŕly	A	A	A	C
oboråvny	A	A	A	A
obrånny	A	A	A	A
obråtny	A	A	A	A
obrazny	A	A	A	A
obrazovany	A	A	A	B
obrazovateljny	A	A	A	A
obrazovity	A	A	A	B
obrędny	A	A	A	A
obscenny	A	A	A	A
obsęžny	A	A	A	A
obširny	A	A	A	A
obustrånny	A	A	A	A
obvęzny	A	A	A	A
obyčajny	A	A	A	A
obyčny	A	A	A	A
oceljevy	A	A	A	B
očarovany	A	A	A	B
očarovateljny	A	A	A	A
očekyvany	A	A	A	B
očevidny	A	A	A	A
očny	A	A	A	A
odčajany	A	A	A	B
oddaljeny	A	A	A	B
oddany	A	A	A	B
odděljeny	A	A	A	B
odděľny	A	A	A	A
oděty	A	A	A	B
odgovorny	A	A	A	A
odličny	A	A	A	A
odnositeljny	A	A	A	A
odomašnjeny	A	A	A	B
odporny	A	A	A	A
odpovědaľny	A	A	A	A
odrěčny	A	A	A	A
odsųtny	A	A	A	A
odučeny	A	A	A	B
odvažny	A	A	A	A
odvlěčeny	A	A	A	B
odvråtlivy	A	A	A	B
odvråtny	A	A	A	A
odzavisny	A	A	A	A
oficiaľny	A	A	A	A
ognjeny	A	A	A	B
ognjeodporny	A	A	A	A
ograničeny	A	A	A	B
ogromny	A	A	A	A
ogroženy	A	A	A	B
ohotny	A	A	A	A
ohrånny	A	A	A	A
okoličny	A	A	A	A
okoľny	A	A	A	A
okȯnny	A	A	A	A
okovany	A	A	A	B
okrajny	A	A	A	A
okrųgly	A	A	A	B
okrutny	A	A	A	A
olimpijsky	A	A	B	C
olověny	A	A	A	B
olovny	A	A	A	A
omiljeny	A	A	A	B
omŕzlivy	A	A	A	B
omŕzny	A	A	A	A
omųženy	A	A	A	B
onaky	A	A	E	B
onȯgdašny	A	A	A	A
onoliky	A	A	E	B
opačny	A	A	A	A
opasny	A	A	A	A
opcionaľny	A	A	A	A
operativny	A	A	A	A
opisateljny	A	A	A	A
oplačeny	A	A	A	B
oplođeny	A	A	A	B
oporędčeny	A	A	A	B
oporny	A	A	A	A
opravnjeny	A	A	A	B
oprěděljeny	A	A	A	B
oprętny	A	A	A	A
optimaľny	A	A	A	A
optimističny	A	A	A	A
opuhly	A	A	A	B
opuhneny	A	A	A	B
opušćeny	A	A	A	B
oranževy	A	A	A	B
orěhovy	A	A	A	B
organičny	A	A	A	A
originaľny	A	A	A	A
ornitologičny	A	A	A	A
orny	A	A	A	A
ortografičny	A	A	A	A
orųdovany	A	A	A	B
orųžny	A	A	A	A
osědly	A	A	A	B
osetinsky	A	A	B	C
ośevy	A	A	A	B
osiroćeny	A	A	A	B
oskųdny	A	A	A	A
oslabjeny	A	A	A	B
osmansky	A	A	B	C
osmysljeny	A	A	A	B
osnovateljny	A	A	A	A
osnovny	A	A	A	A
osoblivy	A	A	A	B
osobny	A	A	A	A
ostaly	A	A	A	B
ostatny	A	A	A	A
ostavjeny	A	A	A	B
ostråžny	A	A	A	A
ostry	A	A	A	B
otcevsky	A	A	B	C
otęženy	A	A	A	B
otravny	A	A	A	A
otųpěly	A	A	A	B
otvorjeny	A	A	A	B
ovaky	A	A	E	B
ovaľny	A	A	A	A
ovdověly	A	A	A	B
ověrjeny	A	A	A	B
ovoliky	A	A	E	B
ozdobny	A	A	A	A
ozemisky	A	A	B	C
ozimy	A	A	A	B
označeny	A	A	A	B
oženjeny	A	A	A	B
oživjeny	A	A	A	B
pakistansky	A	A	B	C
palestinsky	A	A	B	C
pamętny	A	A	A	A
panamsky	A	A	B	C
panslavističny	A	A	A	A
papirny	A	A	A	A
paradoksaľny	A	A	A	A
paragvajsky	A	A	B	C
paraleľny	A	A	A	A
parazitny	A	A	A	A
parižsky	A	A	B	C
parlamentarny	A	A	A	A
parny	A	A	A	A
paršivy	A	A	A	B
pasažersky	A	A	B	C
pasivny	A	A	A	A
patriotičny	A	A	A	A
pčeliny	A	A	A	B
pedagogičny	A	A	A	A
pěgavy	A	A	A	B
pekľny	A	A	A	A
pendžabsky	A	A	B	C
pěnęžny	A	A	A	A
penisovy	A	A	A	B
pensijny	A	A	A	A
penthausny	A	A	A	A
pepelavy	A	A	A	B
pepelisty	A	A	A	B
periferijny	A	A	A	A
periodičny	A	A	A	A
perovy	A	A	A	B
persijsky	A	A	B	C
personaľny	A	A	A	A
Peruansky	A	A	B	C
perversny	A	A	A	A
pesimističny	A	A	A	A
pěsȯčny	A	A	A	A
pestry	A	A	A	B
pęťdesętničsky	A	A	B	C
pijany	A	A	A	B
pijemy	A	A	A	B
pikantny	A	A	A	A
piramidovy	A	A	A	B
piromaničny	A	A	A	A
pirotehničny	A	A	A	A
pisemny	A	A	A	A
pitny	A	A	A	A
pivovarsky	A	A	B	C
plačlivy	A	A	A	B
plastičny	A	A	A	A
plastikovy	A	A	A	B
plaťbovy	A	A	A	B
plavny	A	A	A	A
plåvy	A	A	A	B
pljuševy	A	A	A	B
plodny	A	A	A	A
plosky	A	A	B	C
pobity	A	A	A	B
poblåžlivy	A	A	A	B
pobrěžny	A	A	A	A
počętkovy	A	A	A	B
poddavajemy	A	A	A	B
podly	A	A	A	B
podmoŕsky	A	A	B	C
podnebny	A	A	A	A
podobny	A	A	A	A
podporny	A	A	A	A
podrędny	A	A	A	A
podrobny	A	A	A	A
podrųčny	A	A	A	A
podsvědomy	A	A	A	B
podvodny	A	A	A	A
podzemny	A	A	A	A
podzirlivy	A	A	A	B
podzrěny	A	A	A	B
poetičny	A	A	A	A
pogansky	A	A	B	C
pograničny	A	A	A	A
pogrdlivy	A	A	A	B
pohvaľny	A	A	A	A
pohyćeny	A	A	A	B
pokazny	A	A	A	A
pokojny	A	A	A	A
pokorjeny	A	A	A	B
pokorny	A	A	A	A
pokrȯvny	A	A	A	A
polabsky	A	A	B	C
polarny	A	A	A	A
policijny	A	A	A	A
političny	A	A	A	A
politologičny	A	A	A	A
poljny	A	A	A	A
poljsky	A	A	B	C
pȯlnolětny	A	A	A	A
pȯlny	A	A	A	B
polovičny	A	A	A	A
položeny	A	A	A	B
poluostrovny	A	A	A	A
poluvojenny	A	A	A	A
pomaly	A	A	A	B
pomarančevy	A	A	A	B
poměšany	A	A	A	B
pomoŕsky	A	A	B	C
pomyljeny	A	A	A	B
ponovny	A	A	A	A
popelavy	A	A	A	B
popelisty	A	A	A	B
popoldėnny	A	A	A	A
popȯlny	A	A	A	B
popravny	A	A	A	A
poprěčny	A	A	A	A
poprědny	A	A	A	A
poprěměnny	A	A	A	A
popularny	A	A	A	A
pornografičny	A	A	A	A
porotny	A	A	A	A
portugaľsky	A	A	B	C
porųčeny	A	A	A	B
posědlivy	A	A	A	B
poslědny	A	A	A	A
poslědovateljny	A	A	A	A
poslěporodny	A	A	A	A
poslušny	A	A	A	A
posmŕtny	A	A	A	A
posoljeny	A	A	A	B
pospěšny	A	A	A	A
posrany	A	A	A	B
posrěbrjeny	A	A	A	B
posrědny	A	A	A	A
postojanny	A	A	A	A
postrånny	A	A	A	A
postųpny	A	A	A	A
posvęćeny	A	A	A	B
poškođeny	A	A	A	B
poštny	A	A	A	A
potenciaľny	A	A	A	A
potrěbny	A	A	A	A
potvŕđeny	A	A	A	B
považeny	A	A	A	B
poveliteljny	A	A	A	A
povinny	A	A	A	A
povoljny	A	A	A	A
povråtny	A	A	A	A
povrěmenny	A	A	A	A
povŕhny	A	A	A	A
povtorny	A	A	A	A
pozdny	A	A	A	A
pozemny	A	A	A	A
pozitivny	A	A	A	A
pozlåćeny	A	A	A	B
pozvolimy	A	A	A	B
požarny	A	A	A	A
poželany	A	A	A	B
pracovity	A	A	A	B
pradavny	A	A	A	A
praindoevropejsky	A	A	B	C
praktičny	A	A	A	A
praslovjansky	A	A	B	C
pravdivy	A	A	A	B
pravdopodobny	A	A	A	A
pravedny	A	A	A	A
pravičaŕsky	A	A	B	C
praviľny	A	A	A	A
pravny	A	A	A	A
pravopisny	A	A	A	A
pravorųky	A	A	E	B
pravoslavny	A	A	A	A
pravověrny	A	A	A	A
pravy	A	A	A	B
pråzdničny	A	A	A	A
pråzdnověrny	A	A	A	A
pråzdny	A	A	A	A
prědavničsky	A	A	B	C
prědběžny	A	A	A	A
prědčasny	A	A	A	A
prědgrådny	A	A	A	A
prědhistoričny	A	A	A	A
prědhodny	A	A	A	A
prědimenovany	A	A	A	B
prědložlivy	A	A	A	B
prědměstny	A	A	A	A
prědminųly	A	A	A	B
prědny	A	A	A	A
prědpoložiteljny	A	A	A	A
prědposlědny	A	A	A	A
prědpotopny	A	A	A	A
prědprimetny	A	A	A	A
prědsųdny	A	A	A	A
prědvidimy	A	A	A	B
prědvidlivy	A	A	A	B
prědvrěmenny	A	A	A	A
prěhodny	A	A	A	A
prěinačeny	A	A	A	B
prěkrasny	A	A	A	A
prělěpy	A	A	A	B
prěletny	A	A	A	A
prěměnny	A	A	A	A
prěmokųtny	A	A	A	A
prěmy	A	A	A	B
prěnosny	A	A	A	A
prěpisany	A	A	A	B
prěpȯlnjeny	A	A	A	B
prestižny	A	A	A	A
prěstrašeny	A	A	A	B
prěstųpny	A	A	A	A
pretenciozny	A	A	A	A
prěvažny	A	A	A	A
preventivny	A	A	A	A
prěvråtny	A	A	A	A
prezidentsky	A	A	B	C
prězravy	A	A	A	B
prěživimy	A	A	A	B
približeny	A	A	A	B
pričinny	A	A	A	A
pridněstrovsky	A	A	B	C
prigodny	A	A	A	A
prigraničny	A	A	A	A
prijateljsky	A	A	B	C
prijatlivy	A	A	A	B
prijatny	A	A	A	A
prijemlivy	A	A	A	B
prijemny	A	A	A	A
prilegly	A	A	A	B
priličny	A	A	A	A
primarny	A	A	A	A
priměrny	A	A	A	A
primitivny	A	A	A	A
principiaľny	A	A	A	A
prinuđeny	A	A	A	B
prirodničny	A	A	A	A
prirodny	A	A	A	A
prirųčny	A	A	A	A
pristojny	A	A	A	A
pristrastny	A	A	A	A
prisųtny	A	A	A	A
prisvojny	A	A	A	A
pritęglivy	A	A	A	B
pritomny	A	A	A	A
pritvorny	A	A	A	A
priučeny	A	A	A	B
privatny	A	A	A	A
privětlivy	A	A	A	B
prividny	A	A	A	A
privitany	A	A	A	B
privlěkateljny	A	A	A	A
privykly	A	A	A	B
privykneny	A	A	A	B
prizemny	A	A	A	A
problematičny	A	A	A	A
probny	A	A	A	A
probuđeny	A	A	A	B
produktivny	A	A	A	A
profesionaľny	A	A	A	A
proganjany	A	A	A	B
progresivny	A	A	A	A
prohlådny	A	A	A	A
prohodny	A	A	A	A
proizvoljny	A	A	A	A
proklęty	A	A	A	B
proletaŕsky	A	A	B	C
promysľny	A	A	A	A
proniklivy	A	A	A	B
proporcionaľny	A	A	A	A
proročsky	A	A	B	C
proslavjeny	A	A	A	B
prostačsky	A	A	B	C
prostrånny	A	A	A	A
prosty	A	A	A	B
prošćaľny	A	A	A	A
prošlogodišny	A	A	A	A
prošloročny	A	A	A	A
prošly	A	A	A	B
protestantsky	A	A	B	C
protetičny	A	A	A	A
protęžny	A	A	A	A
protivlegly	A	A	A	B
protivny	A	A	A	A
protivpoloženy	A	A	A	B
protivpožarny	A	A	A	A
protivrěčny	A	A	A	A
prototipičny	A	A	A	A
provinciaľny	A	A	A	A
provokatorsky	A	A	B	C
prozråčny	A	A	A	A
prųžny	A	A	A	A
pŕvobytny	A	A	A	A
pŕvonačęľny	A	A	A	A
pŕvorędny	A	A	A	A
pŕvotny	A	A	A	A
psihiatričny	A	A	A	A
psihičny	A	A	A	A
psihologičny	A	A	A	A
psihopatičny	A	A	A	A
publičny	A	A	A	A
puhovy	A	A	A	B
purpurny	A	A	A	A
pusty	A	A	A	B
pušisty	A	A	A	B
pyšny	A	A	A	A
pytlivy	A	A	A	B
råbimy	A	A	A	B
råbotničsky	A	A	B	C
råbotny	A	A	A	A
råbsky	A	A	B	C
racionalizovany	A	A	A	B
racionaľny	A	A	A	A
radikaľny	A	A	A	A
radioaktivny	A	A	A	A
radiologičny	A	A	A	A
radiovy	A	A	A	B
radostny	A	A	A	A
rady	A	A	A	B
rafinovany	A	A	A	B
rajsky	A	A	B	C
ramenny	A	A	A	A
ranimy	A	A	A	B
rany	A	A	A	B
rasističny	A	A	A	A
rasovy	A	A	A	B
råstlinny	A	A	A	A
råstlinožerny	A	A	A	A
råstly	A	A	A	B
råvesničsky	A	A	B	C
råvnoběžny	A	A	A	A
råvnodušny	A	A	A	A
råvnoměrny	A	A	A	A
råvnopravny	A	A	A	A
råvnoznačny	A	A	A	A
råvny	A	A	A	A
råzbity	A	A	A	B
råzbojny	A	A	A	A
råzdražlivy	A	A	A	B
råzdražnjeny	A	A	A	B
råzdŕty	A	A	A	C
råzdrěny	A	A	A	B
råzgněvany	A	A	A	B
råzgovorny	A	A	A	A
råzhodny	A	A	A	A
raziteljny	A	A	A	A
råzjebany	A	A	A	B
råzkošny	A	A	A	A
råzličny	A	A	A	A
råzměšany	A	A	A	B
råznorodny	A	A	A	A
råzny	A	A	A	A
råzočarovany	A	A	A	B
råzpoznavajemy	A	A	A	B
råzprostrånjeny	A	A	A	B
råzsějany	A	A	A	B
råzsųdny	A	A	A	A
råzsypany	A	A	A	B
råzširjeny	A	A	A	B
råzumějemy	A	A	A	B
råzumlivy	A	A	A	B
råzumny	A	A	A	A
råzvodny	A	A	A	A
råzvråtny	A	A	A	A
rđavy	A	A	A	B
realističny	A	A	A	A
reaľny	A	A	A	A
redakcijny	A	A	A	A
rědky	A	A	D	F
rędny	A	A	A	A
regionaľny	A	A	A	A
regularny	A	A	A	A
reklamny	A	A	A	A
religiozny	A	A	A	A
republikansky	A	A	B	C
rěšeny	A	A	A	B
rěšiteljny	A	A	A	A
retoromansky	A	A	B	C
revmatičny	A	A	A	A
revnivy	A	A	A	B
revolucijny	A	A	A	A
rimskokatoličsky	A	A	B	C
rimsky	A	A	B	C
ritmičny	A	A	A	A
rituaľny	A	A	A	A
rizičny	A	A	A	A
ročny	A	A	A	A
rodimy	A	A	A	B
rodinny	A	A	A	A
roditeljsky	A	A	B	C
rodny	A	A	A	A
rodstveny	A	A	A	B
rođeny	A	A	A	B
rogaty	A	A	A	B
romansky	A	A	B	C
romantičny	A	A	A	A
rosijsky	A	A	B	C
rozovy	A	A	A	B
roževy	A	A	A	B
rųčny	A	A	A	A
rudimentarny	A	A	A	A
rudy	A	A	A	B
rumunsky	A	A	B	C
runny	A	A	A	A
rusinsky	A	A	B	C
russky	A	A	B	C
rusy	A	A	A	B
rutensky	A	A	B	C
rutinny	A	A	A	A
sakraľny	A	A	A	A
salvadorsky	A	A	B	C
samobytny	A	A	A	A
samodostatȯčny	A	A	A	A
samoljubny	A	A	A	A
samoråzumny	A	A	A	A
samostojny	A	A	A	A
samotny	A	A	A	A
samoubijny	A	A	A	A
samovoljny	A	A	A	A
samy	A	A	A	B
sangviničny	A	A	A	A
sarkastičny	A	A	A	A
satiričny	A	A	A	A
sdanlivy	A	A	A	B
sdešny	A	A	A	A
seběčny	A	A	A	A
sedmičny	A	A	A	A
sědy	A	A	A	B
sėgdašny	A	A	A	A
segodėnny	A	A	A	A
sėjčasny	A	A	A	A
sekretny	A	A	A	A
seksuaľny	A	A	A	A
sekundarny	A	A	A	A
seliky	A	A	E	B
seľsky	A	A	B	C
semantičny	A	A	A	A
sěmėjny	A	A	A	A
sentimentaľny	A	A	A	A
separatističny	A	A	A	A
seriozny	A	A	A	A
sěry	A	A	A	B
sestersky	A	A	B	C
sětevy	A	A	A	B
sěvernoamerikansky	A	A	B	C
sěvernoevropejsky	A	A	B	C
sěvernoirlandsky	A	A	B	C
sěvernokorejsky	A	A	B	C
sěvernomorsky	A	A	B	C
sěvernoslovinsky	A	A	B	C
sěverny	A	A	A	A
sěveroiztočny	A	A	A	A
sěverovȯzhodny	A	A	A	A
sěverozapadny	A	A	A	A
sezonny	A	A	A	A
sferičny	A	A	A	A
shematičny	A	A	A	A
shodny	A	A	A	A
silabičny	A	A	A	A
siľny	A	A	A	A
simboličny	A	A	A	A
simetričny	A	A	A	A
simpatičny	A	A	A	A
sintetičny	A	A	A	A
sirijsky	A	A	B	C
sistematičny	A	A	A	A
sivy	A	A	A	B
sjedeny	A	A	A	B
sjedinjeny	A	A	A	B
skameněly	A	A	A	B
skandaľny	A	A	A	A
skandinavsky	A	A	B	C
skaredny	A	A	A	A
skeptičny	A	A	A	A
sklonny	A	A	A	A
skory	A	A	A	B
skråćeny	A	A	A	B
skromny	A	A	A	A
skrupulozny	A	A	A	A
skryty	A	A	A	B
skųpy	A	A	A	B
slaboumny	A	A	A	A
slaby	A	A	A	B
slådky	A	A	D	F
slåny	A	A	A	B
slavny	A	A	A	A
slědny	A	A	A	A
slěpy	A	A	A	B
slęzsky	A	A	B	C
slizky	A	A	D	F
slomjeny	A	A	A	B
slovačsky	A	A	B	C
slovenėčsky	A	A	B	C
slovensky	A	A	B	C
slovesny	A	A	A	A
slovjansky	A	A	B	C
slovny	A	A	A	A
složeny	A	A	A	B
slučajny	A	A	A	A
služebny	A	A	A	A
smaženy	A	A	A	B
směly	A	A	A	B
směšany	A	A	A	B
směšny	A	A	A	A
smrščeny	A	A	A	B
smŕteljny	A	A	A	A
smŕteopasny	A	A	A	A
smŕtny	A	A	A	A
smŕtonosny	A	A	A	A
smųćeny	A	A	A	B
smųtny	A	A	A	A
smysľny	A	A	A	A
sněžnoběly	A	A	A	B
sněžny	A	A	A	A
snizhoditeljny	A	A	A	A
snosny	A	A	A	A
snuđeny	A	A	A	B
sobstveny	A	A	A	B
socialdemokratičny	A	A	A	A
socialističny	A	A	A	A
sociaľny	A	A	A	A
sociologičny	A	A	A	A
sočny	A	A	A	A
sȯglåsny	A	A	A	A
sųglåsny	A	A	A	A
solarny	A	A	A	A
solidarny	A	A	A	A
solidny	A	A	A	A
soljeny	A	A	A	B
sȯlnėčny	A	A	A	A
sȯstavny	A	A	A	A
sȯvěstny	A	A	A	A
sovětsky	A	A	B	C
sȯvrěmenny	A	A	A	A
sȯvŕšeny	A	A	A	B
speciaľny	A	A	A	A
specifičny	A	A	A	A
spekulativny	A	A	A	A
spěšny	A	A	A	A
spoćeny	A	A	A	B
spokojny	A	A	A	A
spokrȯvnjeny	A	A	A	B
spoľny	A	A	A	A
spolȯčny	A	A	A	A
spontanny	A	A	A	A
sporadičny	A	A	A	A
sporlivy	A	A	A	B
sporny	A	A	A	A
sportivny	A	A	A	A
sposobny	A	A	A	A
spravědlivy	A	A	A	B
sråmęžlivy	A	A	A	B
sråmny	A	A	A	A
sråmotny	A	A	A	A
sråvnimy	A	A	A	B
sråvniteljny	A	A	A	A
sŕbohrvatsky	A	A	B	C
sŕbolužičsky	A	A	B	C
sŕbskohrvatsky	A	A	B	C
sŕbsky	A	A	B	C
sŕdėčnosȯsųdny	A	A	A	A
sŕdėčny	A	A	A	A
sŕdity	A	A	A	B
srěbristy	A	A	A	B
srěbrny	A	A	A	A
srědnjevěčny	A	A	A	A
srědny	A	A	A	A
srědoběžny	A	A	A	A
srědotěčny	A	A	A	A
srodny	A	A	A	A
srųčny	A	A	A	A
stabiľny	A	A	A	A
stalovy	A	A	A	B
staly	A	A	A	B
standardny	A	A	A	A
staranny	A	A	A	A
starinny	A	A	A	A
starocrkȯvnoslovjansky	A	A	B	C
starodavny	A	A	A	A
starogrėčsky	A	A	B	C
starohebrejsky	A	A	B	C
staromodny	A	A	A	A
staroslovjansky	A	A	B	C
stary	A	A	A	B
statičny	A	A	A	A
statističny	A	A	A	A
statny	A	A	A	A
steklěny	A	A	A	B
steriľny	A	A	A	A
stoličny	A	A	A	A
strahlivy	A	A	A	B
strånny	A	A	A	A
strastny	A	A	A	A
strašeny	A	A	A	B
strašny	A	A	A	A
strategičny	A	A	A	A
stresovy	A	A	A	B
strogy	A	A	F	B
strukturny	A	A	A	A
studeny	A	A	A	B
stvaŕny	A	A	A	A
subjektivny	A	A	A	A
subtiľny	A	A	A	A
sųćstveny	A	A	A	B
sųčasny	A	A	A	A
sųdny	A	A	A	A
suhy	A	A	I	B
sųměstimy	A	A	A	B
sųmniteljny	A	A	A	A
sųmnlivy	A	A	A	B
sųprųžsky	A	A	B	C
sųråzměrny	A	A	A	A
surinamsky	A	A	B	C
surovy	A	A	A	B
surrealističny	A	A	A	A
sųsědny	A	A	A	A
sųsědsky	A	A	B	C
sųsrědotočeny	A	A	A	B
sųtrudničsky	A	A	B	C
suverenny	A	A	A	A
sųvisly	A	A	A	B
sųznačny	A	A	A	A
svaťbeny	A	A	A	B
svęćeny	A	A	A	B
svědomy	A	A	A	B
světlodiodny	A	A	A	A
světly	A	A	A	B
svętȯčny	A	A	A	A
světovy	A	A	A	B
světsky	A	A	B	C
svęty	A	A	A	B
svęzany	A	A	A	B
svinsky	A	A	B	C
svirěpy	A	A	A	B
svobodnomysljny	A	A	A	A
svobodny	A	A	A	A
svojevlastny	A	A	A	A
svojevoljny	A	A	A	A
svojevrěmenny	A	A	A	A
svojsky	A	A	B	C
svråtny	A	A	A	A
svŕhny	A	A	A	A
syrovy	A	A	A	B
syty	A	A	A	B
ščedry	A	A	A	B
ščęstlivy	A	A	A	B
ščęstny	A	A	A	A
šifrovany	A	A	A	B
šikarny	A	A	A	A
široky	A	A	H	B
šizofreničny	A	A	A	A
škodlivy	A	A	A	B
škoľny	A	A	A	A
škotsky	A	A	B	C
šljahetny	A	A	A	A
šokovany	A	A	A	B
šovinističny	A	A	A	A
špansky	A	A	B	C
štučny	A	A	A	A
šumny	A	A	A	A
švedsky	A	A	B	C
švejcarsky	A	A	B	C
sžęty	A	A	A	B
sȯžęty	A	A	A	B
tadžičsky	A	A	B	C
tadžiksky	A	A	B	C
tajemny	A	A	A	A
tajenstveny	A	A	A	B
tajny	A	A	A	A
tajsky	A	A	B	C
takovy	A	A	A	B
taksonomičny	A	A	A	A
taky	A	A	E	B
tatarsky	A	A	B	C
teatraľny	A	A	A	A
tečny	A	A	A	A
tęglivy	A	A	A	B
tehničny	A	A	A	A
tehnologičny	A	A	A	A
telefonny	A	A	A	A
tělesny	A	A	A	A
televizijny	A	A	A	A
tematičny	A	A	A	A
tėmnolavandovy	A	A	A	B
tėmny	A	A	A	A
tėnky	A	A	D	F
teologičny	A	A	A	A
teoretičny	A	A	A	A
teplovaty	A	A	A	B
teply	A	A	A	B
teritoriaľny	A	A	A	A
terorističny	A	A	A	A
těsny	A	A	A	A
tęžky	A	A	D	G
tihy	A	A	I	B
tipičny	A	A	A	A
tipografičny	A	A	A	A
tipologičny	A	A	A	A
tȯčny	A	A	A	A
tolerantny	A	A	A	A
toliky	A	A	E	B
tȯlsty	A	A	A	B
tonaľny	A	A	A	A
tȯnky	A	A	D	F
topografičny	A	A	A	A
totalitarny	A	A	A	A
totaľny	A	A	A	A
totȯžny	A	A	A	A
tradicijny	A	A	A	A
tragičny	A	A	A	A
trajny	A	A	A	A
trakijsky	A	A	B	C
travimy	A	A	A	B
travojedny	A	A	A	A
tŕbušny	A	A	A	A
treningovy	A	A	A	B
trevožny	A	A	A	A
trězvy	A	A	A	B
trgovy	A	A	A	B
trikųtny	A	A	A	A
trilětny	A	A	A	A
triumfaľny	A	A	A	A
triviaľny	A	A	A	A
trivyměrny	A	A	A	A
tropičny	A	A	A	A
tŕpělivy	A	A	A	B
tŕpimy	A	A	A	B
trudny	A	A	A	A
trudoljubivy	A	A	A	B
trvaly	A	A	A	B
tųgy	A	A	F	B
tųpy	A	A	A	B
turečsky	A	A	B	C
turističny	A	A	A	A
turkmensky	A	A	B	C
turkysovy	A	A	A	B
tutčasny	A	A	A	A
tutdėnny	A	A	A	A
tvŕdoglåvy	A	A	A	B
tvŕdy	A	A	A	B
tydnjevy	A	A	A	B
tysęćlětny	A	A	A	A
ubědimy	A	A	A	B
ubědlivy	A	A	A	B
uběđeny	A	A	A	B
ubogy	A	A	F	B
učarovany	A	A	A	B
učebny	A	A	A	A
učeničsky	A	A	B	C
učtivy	A	A	A	B
udačlivy	A	A	A	B
udačny	A	A	A	A
udiviteljny	A	A	A	A
udivjeny	A	A	A	B
udobny	A	A	A	A
udušeny	A	A	A	B
udvojeny	A	A	A	B
ugodny	A	A	A	A
ujgursky	A	A	B	C
ukončeny	A	A	A	B
ukrajinsky	A	A	B	C
ukryty	A	A	A	B
ultrafioletovy	A	A	A	B
uměrjeny	A	A	A	B
uměstny	A	A	A	A
umětničsky	A	A	B	C
umětny	A	A	A	A
umny	A	A	A	A
umorjeny	A	A	A	B
umŕly	A	A	A	C
umrěly	A	A	A	B
umysľny	A	A	A	A
unikaľny	A	A	A	A
universaľny	A	A	A	A
upity	A	A	A	B
upȯlnomoćeny	A	A	A	B
uporny	A	A	A	A
upotrěbimy	A	A	A	B
uprošćeny	A	A	A	B
uraľsky	A	A	B	C
urazlivy	A	A	A	B
uraženy	A	A	A	B
urodlivy	A	A	A	B
urugvajsky	A	A	B	C
uslovny	A	A	A	A
uspěhlivy	A	A	A	B
uspěšny	A	A	A	A
uspokojeny	A	A	A	B
usŕdny	A	A	A	A
ustaljeny	A	A	A	B
ustaly	A	A	A	B
ustanovjeny	A	A	A	B
ustavny	A	A	A	A
ustny	A	A	A	A
ustųpny	A	A	A	A
utilitarny	A	A	A	A
utomljeny	A	A	A	B
utopičny	A	A	A	A
utraćeny	A	A	A	B
utrišny	A	A	A	A
uvažny	A	A	A	A
uvědomjeny	A	A	A	B
uvěrjeny	A	A	A	B
uvularny	A	A	A	A
uzbečsky	A	A	B	C
uzbeksky	A	A	B	C
užasneny	A	A	A	B
užasny	A	A	A	A
vakantny	A	A	A	A
varlivy	A	A	A	B
varvarsky	A	A	B	C
vavilonsky	A	A	B	C
važny	A	A	A	A
včasny	A	A	A	A
včerašny	A	A	A	A
vdęčny	A	A	A	A
večerny	A	A	A	A
věčny	A	A	A	A
vędly	A	A	A	B
vędneny	A	A	A	B
vědomy	A	A	A	B
vegetariansky	A	A	B	C
vegetativny	A	A	A	A
velarny	A	A	A	A
velebny	A	A	A	A
veličstveny	A	A	A	B
velikodušny	A	A	A	A
velikolěpny	A	A	A	A
velikosvetsky	A	A	B	C
veliky	A	A	R	B
velssky	A	A	B	C
vely	A	A	A	B
velžny	A	A	A	A
veneričny	A	A	A	A
venezueľsky	A	A	B	C
venozny	A	A	A	A
verbaľny	A	A	A	A
verifikovajemy	A	A	A	B
věrny	A	A	A	A
věrodostojny	A	A	A	A
věrogodny	A	A	A	A
věrojętny	A	A	A	A
věrolomny	A	A	A	A
věrozakonny	A	A	A	A
vertikaľny	A	A	A	A
vesely	A	A	A	B
veterinaŕny	A	A	A	A
vethy	A	A	I	B
větrny	A	A	A	A
viděny	A	A	A	B
vidimy	A	A	A	B
vidny	A	A	A	A
vietnamsky	A	A	B	C
vikendovy	A	A	A	B
vinny	A	A	A	A
vinogrådny	A	A	A	A
vinovaty	A	A	A	B
virologičny	A	A	A	A
virtuaľny	A	A	A	A
višnjevy	A	A	A	B
vitalističny	A	A	A	A
vizuaľny	A	A	A	A
vključiteljny	A	A	A	A
vkųsny	A	A	A	A
vladny	A	A	A	A
vlåsaty	A	A	A	B
vlastny	A	A	A	A
vlåžny	A	A	A	A
vlivny	A	A	A	A
vněšny	A	A	A	A
vnězemny	A	A	A	A
vnimateljny	A	A	A	A
vnųtrišny	A	A	A	A
vnųtrny	A	A	A	A
vodny	A	A	A	A
vodoodporny	A	A	A	A
vodoråvny	A	A	A	A
vodozemny	A	A	A	A
vojenny	A	A	A	A
vojinsky	A	A	B	C
vokaľny	A	A	A	A
vȯlgky	A	A	S	F
voljny	A	A	A	A
vȯorųženy	A	A	A	B
vȯzbrånjeny	A	A	A	B
vȯzbudimy	A	A	A	B
vȯzbudlivy	A	A	A	B
vȯzbuđeny	A	A	A	B
vȯzduhonosimy	A	A	A	B
vȯzdušny	A	A	A	A
vȯzhodnoevropejsky	A	A	B	C
vȯzhodnoslovjansky	A	A	B	C
vȯzhodny	A	A	A	A
vȯzklicaľny	A	A	A	A
vozny	A	A	A	A
vȯzråstly	A	A	A	B
vȯzvråtny	A	A	A	A
vȯzvyšeny	A	A	A	B
vpaly	A	A	A	B
vpečatlivy	A	A	A	B
vplyvny	A	A	A	A
vrědny	A	A	A	A
vrěmenny	A	A	A	A
vŕhny	A	A	A	A
vŕhovny	A	A	A	A
vrođeny	A	A	A	B
vśakodėnny	A	A	A	A
vśakodnevny	A	A	A	A
vśakogodišny	A	A	A	A
vśaky	A	A	E	B
vsejedny	A	A	A	A
vsekaky	A	A	E	B
vseliky	A	A	E	B
vseprisųtny	A	A	A	A
vseslovjansky	A	A	B	C
vsestrånny	A	A	A	A
vsesvětny	A	A	A	A
vsesvětovy	A	A	A	B
vsežerny	A	A	A	A
vslědny	A	A	A	A
vtorny	A	A	A	A
vųglaty	A	A	A	B
vųgȯljny	A	A	A	A
vųgrsky	A	A	B	C
vulgarny	A	A	A	A
vulkaničny	A	A	A	A
vųzky	A	A	D	F
vvodny	A	A	A	A
vygodny	A	A	A	A
vysokogorsky	A	A	B	C
vysokoparny	A	A	A	A
vysoky	A	A	H	B
vyšny	A	A	A	A
vzadny	A	A	A	A
vzajemny	A	A	A	A
vzorny	A	A	A	A
zabavny	A	A	A	A
zablųdny	A	A	A	A
zabobonny	A	A	A	A
začarovany	A	A	A	B
začasny	A	A	A	A
zadnjepodnebny	A	A	A	A
zadnjeprohodny	A	A	A	A
zadny	A	A	A	A
zadovoliteljny	A	A	A	A
zadovoljeny	A	A	A	B
zadumlivy	A	A	A	B
zagadȯčny	A	A	A	A
zagraničny	A	A	A	A
zagrobny	A	A	A	A
zahvorěly	A	A	A	B
zainteresovany	A	A	A	B
zajęčlivy	A	A	A	B
zajedlivy	A	A	A	B
zajęty	A	A	A	B
zajmlivy	A	A	A	B
zaklęty	A	A	A	B
zakonny	A	A	A	A
zakonodateljny	A	A	A	A
zakonoměrny	A	A	A	A
zakoreněly	A	A	A	B
zakrvavjeny	A	A	A	B
zakulisny	A	A	A	A
zaležny	A	A	A	A
zaljubjeny	A	A	A	B
založny	A	A	A	A
zaměnlivy	A	A	A	B
zamknųty	A	A	A	B
zamoŕsky	A	A	B	C
zamotany	A	A	A	B
zamševy	A	A	A	B
zamysljeny	A	A	A	B
zanepokojeny	A	A	A	B
zaostaly	A	A	A	B
zapadnoevropejsky	A	A	B	C
zapadnoslovjansky	A	A	B	C
zapadny	A	A	A	A
zapozdněly	A	A	A	B
zapušćeny	A	A	A	B
zarazny	A	A	A	A
zarđavěly	A	A	A	B
zasluženy	A	A	A	B
zaspany	A	A	A	B
zasråmjeny	A	A	A	B
zastarěly	A	A	A	B
zatųhly	A	A	A	B
zatvorjeny	A	A	A	B
zautrišny	A	A	A	A
zavětrny	A	A	A	A
zavidny	A	A	A	A
zavisny	A	A	A	A
zavistny	A	A	A	A
zavråtny	A	A	A	A
zavzęty	A	A	A	B
zdråvy	A	A	A	B
zeleny	A	A	A	B
zemisty	A	A	A	B
zemjany	A	A	A	B
zemnovodny	A	A	A	A
zemny	A	A	A	A
zemsky	A	A	B	C
zimny	A	A	A	A
zimovy	A	A	A	B
zlåtisty	A	A	A	B
zlåtousty	A	A	A	B
zlåty	A	A	A	B
zlobny	A	A	A	A
zlonaměrny	A	A	A	A
zloradny	A	A	A	A
zlostlivy	A	A	A	B
zloumysľny	A	A	A	A
zlověstny	A	A	A	A
zly	A	A	T	H
značimy	A	A	A	B
značny	A	A	A	A
znajemy	A	A	A	B
znamenity	A	A	A	B
znany	A	A	A	B
znatny	A	A	A	A
zodiakaľny	A	A	A	A
zonaľny	A	A	A	A
zoologičny	A	A	A	A
zrěly	A	A	A	B
zvěŕsky	A	A	B	C
zvězdny	A	A	A	A
zvųčny	A	A	A	A
žalostny	A	A	A	A
žarky	A	A	D	F
žędny	A	A	A	A
želězničny	A	A	A	A
želězny	A	A	A	A
žensky	A	A	B	C
žestoky	A	A	H	B
židovsky	A	A	B	C
žiľny	A	A	A	A
žiťjeopasny	A	A	A	A
žiťjesposobny	A	A	A	A
životinsky	A	A	B	C
živy	A	A	A	B
žȯlty	A	A	A	B
žoviaľny	A	A	A	A
žravy	A	A	A	B
žrtveny	A	A	A	B
kosmopolitičny	A	A	A	A
-cilindrovy	A	A	A	B
abonentsky	A	A	B	C
abstinentny	A	A	A	A
adaptacijny	A	A	A	A
admiraĺsky	A	A	B	C
adresny	A	A	A	A
advokatsky	A	A	B	C
agenturny	A	A	A	A
agitacijny	A	A	A	A
akacijevy	A	A	A	B
aksiomatičny	A	A	A	A
altajsky	A	A	B	C
amortizacijny	A	A	A	A
amplitudny	A	A	A	A
ananasovy	A	A	A	B
androginny	A	A	A	A
angarsky	A	A	B	C
animacijny	A	A	A	A
antifašistsky	A	A	B	C
antikorupcijny	A	A	A	A
antikrizovy	A	A	A	B
antikvarny	A	A	A	A
antioksidantny	A	A	A	A
antireligiozny	A	A	A	A
antiseptičny	A	A	A	A
antiterorističny	A	A	A	A
apeninsky	A	A	B	C
aptečny	A	A	A	A
aragonsky	A	A	B	C
aramejsky	A	A	B	C
arijsky	A	A	B	C
artilerijsky	A	A	B	C
basovy	A	A	A	B
dymny	A	A	A	A
uličny	A	A	A	A
antisovětsky	A	A	B	C
aptekaŕsky	A	A	B	C
akrilovy	A	A	A	B
asinhronny	A	A	A	A
asketičny	A	A	A	A
askorbinovy	A	A	A	B
asteničny	A	A	A	A
atamansky	A	A	B	C
auditorsky	A	A	B	C
avtobusny	A	A	A	A
avangardny	A	A	A	A
avarsky	A	A	B	C
baletny	A	A	A	A
balkarsky	A	A	B	C
absorbcijny	A	A	A	A
bambusovy	A	A	A	B
baptistsky	A	A	B	C
Bělgradsky	A	A	B	C
běloglåvy	A	A	A	B
benzinovy	A	A	A	B
bermudsky	A	A	B	C
bezcěnny	A	A	A	A
bezdymny	A	A	A	A
bezpilotny	A	A	A	A
bibliotečny	A	A	A	A
blogersky	A	A	B	C
boljševistsky	A	A	B	C
bukmekersky	A	A	B	C
centralizovany	A	A	A	B
detektivny	A	A	A	A
difuzny	A	A	A	A
disidentsky	A	A	B	C
dokumentovany	A	A	A	B
dolarovy	A	A	A	B
dȯlgovlåsy	A	A	A	B
dunajsky	A	A	B	C
dvulitrovy	A	A	A	B
dvuměstny	A	A	A	A
dvumetrovy	A	A	A	B
dvurųčny	A	A	A	A
džazovy	A	A	A	B
džinsovy	A	A	A	B
egzistencijaĺny	A	A	A	A
ekspresivny	A	A	A	A
ekstensivny	A	A	A	A
dominantny	A	A	A	A
eshatologičny	A	A	A	A
gangstersky	A	A	B	C
generaĺsky	A	A	B	C
gibraltarsky	A	A	B	C
glåsovy	A	A	A	B
glųbokovodny	A	A	A	A
gnězdovy	A	A	A	B
gvinejsky	A	A	B	C
havajsky	A	A	B	C
hidrofobny	A	A	A	A
hidrologičny	A	A	A	A
himalajsky	A	A	B	C
historiografičny	A	A	A	A
holivudsky	A	A	B	C
holografičny	A	A	A	A
hongkongsky	A	A	B	C
hotelovy	A	A	A	B
impulsny	A	A	A	A
iniciativny	A	A	A	A
integracijny	A	A	A	A
integraĺny	A	A	A	A
bezposrědnji	B	B	C	E
blizši	B	B	C	D
bližnji	B	B	C	E
bobŕji	B	B	C	C
bogatši	B	B	C	D
božji	B	B	C	C
byčji	B	B	C	C
byvši	B	B	C	D
ćuđi	B	B	C	D
člověčji	B	B	C	C
daljnji	B	B	C	C
delfińji	B	B	C	C
děvičji	B	B	C	C
dnėšnji	B	B	C	E
domašnji	B	B	C	E
gaďji	B	B	C	C
glųbši	B	B	C	D
godišnji	B	B	C	E
golųbji	B	B	C	C
gorši	B	B	C	D
govęďji	B	B	C	C
gųśji	B	B	C	C
izkonavči	B	B	C	C
izlišnji	B	B	C	E
jagnęťji	B	B	C	C
jednogodišnji	B	B	C	E
jeleńji	B	B	C	C
jesennji	B	B	C	E
jutrišnji	B	B	C	E
koźji	B	B	C	C
krasivši	B	B	C	D
kråvji	B	B	C	C
krvavši	B	B	C	D
kuŕji	B	B	C	C
labęďji	B	B	C	C
legši	B	B	C	D
lětnji	B	B	C	E
lėvji	B	B	C	C
liśji	B	B	C	C
loši	B	B	C	D
lučši	B	B	C	D
medvěďji	B	B	C	C
mėnši	B	B	C	D
mlådši	B	B	C	D
mråvji	B	B	C	C
najstarějši	B	B	C	D
najstarši	B	B	C	D
neposrědnji	B	B	C	E
nizši	B	B	C	D
nyněšnji	B	B	C	E
onȯgdašnji	B	B	C	E
orľji	B	B	C	C
pčeľji	B	B	C	C
pěši	B	B	C	D
poprědnji	B	B	C	E
poslědnji	B	B	C	E
posrědnji	B	B	C	E
povsednji	B	B	C	E
povyši	B	B	C	D
prědnji	B	B	C	E
prědposlědnji	B	B	C	E
prědšedši	B	B	C	D
prošedši	B	B	C	D
prošlogodišnji	B	B	C	E
ptačji	B	B	C	C
ptičji	B	B	C	C
råboči	B	B	C	C
rannji	B	B	C	E
ranši	B	B	C	D
ryđi	B	B	C	D
sdešnji	B	B	C	E
sėgdašnji	B	B	C	E
seksi	B	E	C	K
sinji	B	B	C	C
srědnji	B	B	C	E
starějši	B	B	C	D
starši	B	B	C	D
svěži	B	B	C	D
širši	B	B	C	D
tamošnji	B	B	C	E
tutȯšnji	B	B	C	E
tvorčji	B	B	C	C
utrišnji	B	B	C	E
včerašnji	B	B	C	E
vněšnji	B	B	C	E
vnųtrišnji	B	B	C	E
vojevničji	B	B	C	C
vśakogodišnji	B	B	C	E
vysši	B	B	C	D
zabolěvši	B	B	C	D
zadnji	B	B	C	E
zautrišnji	B	B	C	E
zmiji	B	B	C	C
žučji	B	B	C	C
duži	B	B	C	D
bezpokojęći	C	B	C	D
boljši	C	B	B	C
bųdųći	C	B	C	D
cvětųći	C	B	C	D
daljši	C	B	B	C
deprimujųći	C	B	C	D
divnějši	C	B	B	C
dobro informovany	C	A	B	B
dobro obdarjeny	C	A	B	B
dobro orųdovany	C	A	B	B
dobro osvědomjeny	C	A	B	B
goręći	C	B	C	D
hlådnějši	C	B	B	C
imponujųći	C	B	C	D
imųći	C	B	C	D
intrigujųći	C	B	C	D
izvinjajųći	C	B	C	D
krajno opasny	C	A	B	A
krasnějši	C	B	B	C
lěpši	C	B	B	C
mogųći	C	B	C	D
najblizši	C	B	B	C
najbogatši	C	B	B	C
najboljši	C	B	B	C
najdaljši	C	B	B	C
najdivnějši	C	B	B	C
najglųbši	C	B	B	C
najgorši	C	B	B	C
najhlådnějši	C	B	B	C
najkrasivši	C	B	B	C
najkrasnějši	C	B	B	C
najkrvavši	C	B	B	C
najlegši	C	B	B	C
najlěpši	C	B	B	C
najlučši	C	B	B	C
najmękši	C	B	B	C
najmėnši	C	B	B	C
najnizši	C	B	B	C
najnovějši	C	B	B	C
najpozdnějši	C	B	B	C
najprostějši	C	B	B	C
najranši	C	B	B	C
najvęćši	C	B	B	C
najveliky	C	A	B	B
najzimnějši	C	B	B	C
najzly	C	A	B	H
nastojęći	C	B	C	D
nastųpajųći	C	B	C	D
nedějųći	C	B	C	D
nejestvujųći	C	B	C	D
niščęći	C	B	C	D
obći	C	B	C	D
odgovarjajųći	C	B	C	D
omŕžajųći	C	B	C	D
osnovany na	C	A	B	B
po svaťbě povęzany	C	A	B	B
počętkujųći	C	B	C	D
podpirany od	C	A	B	B
pȯlny naděje	C	A	B	B
ponižajųći	C	B	C	D
pozdnějši	C	B	B	C
prědstojęći	C	B	C	D
prěvažajųći	C	B	C	D
prěznačeny za	C	A	B	B
prostějši	C	B	B	C
råzvivajųći	C	B	C	D
rěšajųći	C	B	C	D
seksuaľno privlěkateljny	C	A	B	A
slědujųći	C	B	C	D
sųći	C	B	C	D
svŕbęći	C	B	C	D
šokujųći	C	B	C	D
tako rěčeny	C	A	B	B
tako zvany	C	A	B	B
tekųći	C	B	C	D
uběđajųći	C	B	C	D
udivjajųći	C	B	C	D
umarjajųći	C	B	C	D
unižajųći	C	B	C	D
vęćši	C	B	B	C
veličejši	C	B	B	C
vsemogųći	C	B	C	D
vsevědųći	C	B	C	D
vseznajųći	C	B	C	D
vyše veliky	C	A	B	B
zahvaćajųći	C	B	C	D
zaměšivajųći	C	B	C	D
zimnějši	C	B	B	C
zlověšći	C	B	C	D
žędajųći	C	B	C	D
babin	D	C	G	C
bratov	D	C	G	C
črtov	D	C	G	C
dědov	D	C	G	C
kråljev	D	C	G	C
mamin	D	C	G	C
materin	D	C	G	C
mųžev	D	C	G	C
rad	D	C	G	C
bezpomoćny	E	A	A	A
moćny	E	A	A	A
nasųćny	E	A	A	A
nemoćny	E	A	A	A
nepomoćny	E	A	A	A
noćny	E	A	A	A
pomoćny	E	A	A	A
dȯlžėn	F	D	K	C
povinėn	F	D	K	C
